timestamp,city,category,item_name,item_id,tier,enchant,observed_price,raw_text,confidence,error
2026-04-25T13:37:27.023383+00:00,Bridgewatch,bags,Adept's Bag,T4_BAG,4,0,7192,"7,192",0.73,
2026-04-25T13:37:30.143018+00:00,Bridgewatch,bags,Adept's Bag,T4_BAG@1,4,1,8847,"8,847",0.73,
2026-04-25T13:37:33.203247+00:00,Bridgewatch,bags,Adept's Bag,T4_BAG@2,4,2,38306,"38,306",0.8,
2026-04-25T13:37:36.291489+00:00,Bridgewatch,bags,Adept's Bag,T4_BAG@3,4,3,119993,"119,993",0.87,
2026-04-25T13:37:39.343988+00:00,Bridgewatch,bags,Adept's Bag,T4_BAG@4,4,4,1,1,0.52,
2026-04-25T13:37:42.412988+00:00,Bridgewatch,bags,Expert's Bag,T5_BAG,5,0,19980,"19,980",0.8,
2026-04-25T13:37:45.479840+00:00,Bridgewatch,bags,Expert's Bag,T5_BAG@1,5,1,31998,"31,998",0.8,
2026-04-25T13:37:48.556840+00:00,Bridgewatch,bags,Expert's Bag,T5_BAG@2,5,2,99970,"99,970",0.8,
2026-04-25T13:37:51.652392+00:00,Bridgewatch,bags,Expert's Bag,T5_BAG@3,5,3,312995,"312,995",0.87,
2026-04-25T13:37:54.739594+00:00,Bridgewatch,bags,Expert's Bag,T5_BAG@4,5,4,1,1,0.52,
2026-04-25T13:37:57.837063+00:00,Bridgewatch,bags,Master's Bag,T6_BAG,6,0,59989,"59,989",0.8,
2026-04-25T13:40:29.067393+00:00,Bridgewatch,weapons,Adept's Arcane Staff,T4_MAIN_ARCANESTAFF,4,0,34973,"34,973",0.8,
2026-04-25T13:40:32.094826+00:00,Bridgewatch,weapons,Adept's Arcane Staff,T4_MAIN_ARCANESTAFF@1,4,1,34973,"34,973",0.8,
2026-04-25T13:40:35.087508+00:00,Bridgewatch,weapons,Adept's Arcane Staff,T4_MAIN_ARCANESTAFF@2,4,2,68999,"68,999",0.8,
2026-04-25T13:40:38.220448+00:00,Bridgewatch,weapons,Adept's Arcane Staff,T4_MAIN_ARCANESTAFF@3,4,3,1,1,0.52,
2026-04-25T13:40:41.311582+00:00,Bridgewatch,weapons,Adept's Arcane Staff,T4_MAIN_ARCANESTAFF@4,4,4,1,1,0.52,
2026-04-25T13:40:44.339676+00:00,Bridgewatch,weapons,Expert's Arcane Staff,T5_MAIN_ARCANESTAFF,5,0,25071,"25,071",0.8,
2026-04-25T13:42:46.083960+00:00,Bridgewatch,bags,Adept's Bag,T4_BAG,4,0,7192,"7,192",0.73,
2026-04-25T13:42:49.146405+00:00,Bridgewatch,bags,Adept's Bag,T4_BAG@1,4,1,8847,"8,847",0.73,
2026-04-25T13:42:52.224203+00:00,Bridgewatch,bags,Adept's Bag,T4_BAG@2,4,2,34000,"34,000",0.8,
2026-04-25T13:42:55.239674+00:00,Bridgewatch,bags,Adept's Bag,T4_BAG@3,4,3,119993,"119,993",0.87,
2026-04-25T13:42:58.282702+00:00,Bridgewatch,bags,Adept's Bag,T4_BAG@4,4,4,1,1,0.52,
2026-04-25T13:43:01.389714+00:00,Bridgewatch,bags,Expert's Bag,T5_BAG,5,0,19980,"19,980",0.8,
2026-04-25T13:58:20.939043+00:00,Bridgewatch,bags,Adept's Bag,T4_BAG,4,0,7192,"7,192",0.73,
2026-04-25T13:58:24.094212+00:00,Bridgewatch,bags,Adept's Bag,T4_BAG@1,4,1,8847,"8,847",0.73,
2026-04-25T13:58:27.168685+00:00,Bridgewatch,bags,Adept's Bag,T4_BAG@2,4,2,38309,"38,309",0.8,
2026-04-25T13:58:30.190025+00:00,Bridgewatch,bags,Adept's Bag,T4_BAG@3,4,3,119993,"119,993",0.87,
2026-04-25T13:58:33.272932+00:00,Bridgewatch,bags,Adept's Bag,T4_BAG@4,4,4,1,1,0.52,
2026-04-25T13:58:36.295786+00:00,Bridgewatch,bags,Expert's Bag,T5_BAG,5,0,19980,"19,980",0.8,
2026-04-25T13:58:39.325086+00:00,Bridgewatch,bags,Expert's Bag,T5_BAG@1,5,1,29999,"29,999",0.8,
2026-04-25T13:58:42.421901+00:00,Bridgewatch,bags,Expert's Bag,T5_BAG@2,5,2,99971,"99,971",0.8,
2026-04-25T13:58:45.540033+00:00,Bridgewatch,bags,Expert's Bag,T5_BAG@3,5,3,312995,"312,995",0.87,
2026-04-25T13:58:48.665793+00:00,Bridgewatch,bags,Expert's Bag,T5_BAG@4,5,4,1,1,0.52,
2026-04-25T13:58:51.790074+00:00,Bridgewatch,bags,Master's Bag,T6_BAG,6,0,59989,"59,989",0.8,
2026-04-25T13:58:54.896823+00:00,Bridgewatch,bags,Master's Bag,T6_BAG@1,6,1,90000,"90,000",0.8,
2026-04-25T13:58:57.995264+00:00,Bridgewatch,bags,Master's Bag,T6_BAG@2,6,2,269955,"269,955",0.87,
2026-04-25T14:04:52.981836+00:00,Caerleon,bags,Adept's Bag,T4_BAG,4,0,7192,"7,192",0.73,
2026-04-25T14:04:56.127367+00:00,Caerleon,bags,Adept's Bag,T4_BAG@1,4,1,8847,"8,847",0.73,
2026-04-25T14:04:59.287742+00:00,Caerleon,bags,Adept's Bag,T4_BAG@2,4,2,38309,"38,309",0.8,
2026-04-25T14:05:02.376648+00:00,Caerleon,bags,Adept's Bag,T4_BAG@3,4,3,119993,"119,993",0.87,
2026-04-25T14:05:05.525371+00:00,Caerleon,bags,Adept's Bag,T4_BAG@4,4,4,1,1,0.52,
2026-04-25T14:05:08.685303+00:00,Caerleon,bags,Expert's Bag,T5_BAG,5,0,19980,"19,980",0.8,
2026-04-25T14:05:11.720968+00:00,Caerleon,bags,Expert's Bag,T5_BAG@1,5,1,29998,"29,998",0.8,
2026-04-25T14:12:41.999820+00:00,Caerleon,weapons,Adept's Arcane Staff,T4_MAIN_ARCANESTAFF,4,0,34973,"34,973",0.8,
2026-04-25T14:12:45.017937+00:00,Caerleon,weapons,Adept's Arcane Staff,T4_MAIN_ARCANESTAFF@1,4,1,39988,"39,988",0.8,
2026-04-25T14:12:48.152580+00:00,Caerleon,weapons,Adept's Arcane Staff,T4_MAIN_ARCANESTAFF@2,4,2,68999,"68,999",0.8,
2026-04-25T14:12:51.225777+00:00,Caerleon,weapons,Adept's Arcane Staff,T4_MAIN_ARCANESTAFF@3,4,3,1,1,0.52,
2026-04-25T14:12:54.320797+00:00,Caerleon,weapons,Adept's Arcane Staff,T4_MAIN_ARCANESTAFF@4,4,4,1,1,0.52,
2026-04-25T14:32:00.774224+00:00,Caerleon,weapons,Adept's Arcane Staff,T4_MAIN_ARCANESTAFF,4,0,34973,"34,973",0.8,
2026-04-25T14:32:03.814197+00:00,Caerleon,weapons,Adept's Arcane Staff,T4_MAIN_ARCANESTAFF@1,4,1,39988,"39,988",0.8,
2026-04-25T14:32:06.863631+00:00,Caerleon,weapons,Adept's Arcane Staff,T4_MAIN_ARCANESTAFF@2,4,2,68999,"68,999",0.8,
2026-04-25T14:32:09.903905+00:00,Caerleon,weapons,Adept's Arcane Staff,T4_MAIN_ARCANESTAFF@3,4,3,1,1,0.52,
2026-04-25T14:32:13.061014+00:00,Caerleon,weapons,Adept's Arcane Staff,T4_MAIN_ARCANESTAFF@4,4,4,1,1,0.52,
2026-04-25T14:32:16.179558+00:00,Caerleon,weapons,Expert's Arcane Staff,T5_MAIN_ARCANESTAFF,5,0,25071,"25,071",0.8,
2026-04-25T14:32:19.278686+00:00,Caerleon,weapons,Expert's Arcane Staff,T5_MAIN_ARCANESTAFF@1,5,1,55553,"55,553",0.8,
2026-04-25T14:32:22.277537+00:00,Caerleon,weapons,Expert's Arcane Staff,T5_MAIN_ARCANESTAFF@2,5,2,1,1,0.52,
2026-04-25T14:32:25.315652+00:00,Caerleon,weapons,Expert's Arcane Staff,T5_MAIN_ARCANESTAFF@3,5,3,1,1,0.52,
2026-04-25T14:32:28.394271+00:00,Caerleon,weapons,Expert's Arcane Staff,T5_MAIN_ARCANESTAFF@4,5,4,1,1,0.52,
2026-04-25T14:32:31.531518+00:00,Caerleon,weapons,Master's Arcane Staff,T6_MAIN_ARCANESTAFF,6,0,45983,"45,983",0.8,
2026-04-25T14:32:34.647012+00:00,Caerleon,weapons,Master's Arcane Staff,T6_MAIN_ARCANESTAFF@1,6,1,135987,"135,987",0.87,
2026-04-25T14:32:37.754175+00:00,Caerleon,weapons,Master's Arcane Staff,T6_MAIN_ARCANESTAFF@2,6,2,699999,"699,999",0.87,
2026-04-25T14:32:40.754563+00:00,Caerleon,weapons,Master's Arcane Staff,T6_MAIN_ARCANESTAFF@3,6,3,1,1,0.52,
2026-04-25T14:32:43.778244+00:00,Caerleon,weapons,Master's Arcane Staff,T6_MAIN_ARCANESTAFF@4,6,4,1,1,0.52,
2026-04-25T14:32:46.791523+00:00,Caerleon,weapons,Grandmaster's Arcane Staff,T7_MAIN_ARCANESTAFF,7,0,165992,"165,992",0.87,
2026-04-25T14:32:49.877694+00:00,Caerleon,weapons,Grandmaster's Arcane Staff,T7_MAIN_ARCANESTAFF@1,7,1,450212,"450,212",0.87,
2026-04-25T14:32:52.978744+00:00,Caerleon,weapons,Grandmaster's Arcane Staff,T7_MAIN_ARCANESTAFF@2,7,2,1,1,0.52,
2026-04-25T14:32:56.028884+00:00,Caerleon,weapons,Grandmaster's Arcane Staff,T7_MAIN_ARCANESTAFF@3,7,3,1,1,0.52,
2026-04-25T14:32:59.122925+00:00,Caerleon,weapons,Grandmaster's Arcane Staff,T7_MAIN_ARCANESTAFF@4,7,4,1,1,0.52,
2026-04-25T14:33:07.174332+00:00,Caerleon,weapons,Elder's Arcane Staff,T8_MAIN_ARCANESTAFF,8,0,499988,"499,988",0.87,
2026-04-25T14:33:10.312337+00:00,Caerleon,weapons,Elder's Arcane Staff,T8_MAIN_ARCANESTAFF@1,8,1,1699999,"1,699,999",0.94,
2026-04-25T14:33:13.414715+00:00,Caerleon,weapons,Elder's Arcane Staff,T8_MAIN_ARCANESTAFF@2,8,2,1,1,0.52,
2026-04-25T14:33:16.428956+00:00,Caerleon,weapons,Elder's Arcane Staff,T8_MAIN_ARCANESTAFF@3,8,3,1,1,0.52,
2026-04-25T14:33:19.504736+00:00,Caerleon,weapons,Elder's Arcane Staff,T8_MAIN_ARCANESTAFF@4,8,4,1,1,0.52,
2026-04-25T14:33:22.549906+00:00,Caerleon,weapons,Adept's Arclight Blasters,T4_2H_DUALCROSSBOW_CRYSTAL,4,0,1,1,0.52,
2026-04-25T14:33:25.643467+00:00,Caerleon,weapons,Adept's Arclight Blasters,T4_2H_DUALCROSSBOW_CRYSTAL@1,4,1,349999,"349,999",0.87,
2026-04-25T14:33:28.737012+00:00,Caerleon,weapons,Adept's Arclight Blasters,T4_2H_DUALCROSSBOW_CRYSTAL@2,4,2,328000,"328,000",0.87,
2026-04-25T14:33:31.766932+00:00,Caerleon,weapons,Adept's Arclight Blasters,T4_2H_DUALCROSSBOW_CRYSTAL@3,4,3,549969,"549,969",0.87,
2026-04-25T14:33:34.837041+00:00,Caerleon,weapons,Adept's Arclight Blasters,T4_2H_DUALCROSSBOW_CRYSTAL@4,4,4,1,1,0.52,
2026-04-25T14:33:37.972705+00:00,Caerleon,weapons,Expert's Arclight Blasters,T5_2H_DUALCROSSBOW_CRYSTAL,5,0,1,1,0.52,
2026-04-25T14:33:41.058493+00:00,Caerleon,weapons,Expert's Arclight Blasters,T5_2H_DUALCROSSBOW_CRYSTAL@1,5,1,1,1,0.52,
2026-04-25T14:33:44.136282+00:00,Caerleon,weapons,Expert's Arclight Blasters,T5_2H_DUALCROSSBOW_CRYSTAL@2,5,2,1,1,0.52,
2026-04-25T14:33:47.193667+00:00,Caerleon,weapons,Expert's Arclight Blasters,T5_2H_DUALCROSSBOW_CRYSTAL@3,5,3,1400000,"1,400,000",0.94,
2026-04-25T14:33:50.269966+00:00,Caerleon,weapons,Expert's Arclight Blasters,T5_2H_DUALCROSSBOW_CRYSTAL@4,5,4,1,1,0.52,
2026-04-25T14:33:53.439846+00:00,Caerleon,weapons,Master's Arclight Blasters,T6_2H_DUALCROSSBOW_CRYSTAL,6,0,1,1,0.52,
2026-04-25T14:33:56.518440+00:00,Caerleon,weapons,Master's Arclight Blasters,T6_2H_DUALCROSSBOW_CRYSTAL@1,6,1,1,1,0.52,
2026-04-25T14:33:59.609352+00:00,Caerleon,weapons,Master's Arclight Blasters,T6_2H_DUALCROSSBOW_CRYSTAL@2,6,2,1,1,0.52,
2026-04-25T14:34:02.703094+00:00,Caerleon,weapons,Master's Arclight Blasters,T6_2H_DUALCROSSBOW_CRYSTAL@3,6,3,1,1,0.52,
2026-04-25T14:34:05.733178+00:00,Caerleon,weapons,Master's Arclight Blasters,T6_2H_DUALCROSSBOW_CRYSTAL@4,6,4,1,1,0.52,
2026-04-25T14:34:13.832033+00:00,Caerleon,weapons,Grandmaster's Arclight Blasters,T7_2H_DUALCROSSBOW_CRYSTAL,7,0,1,1,0.52,
2026-04-25T14:34:16.958598+00:00,Caerleon,weapons,Grandmaster's Arclight Blasters,T7_2H_DUALCROSSBOW_CRYSTAL@1,7,1,1,1,0.52,
2026-04-25T14:34:19.997179+00:00,Caerleon,weapons,Grandmaster's Arclight Blasters,T7_2H_DUALCROSSBOW_CRYSTAL@2,7,2,1,1,0.52,
2026-04-25T14:34:23.100705+00:00,Caerleon,weapons,Grandmaster's Arclight Blasters,T7_2H_DUALCROSSBOW_CRYSTAL@3,7,3,1,1,0.52,
2026-04-25T14:34:26.221889+00:00,Caerleon,weapons,Grandmaster's Arclight Blasters,T7_2H_DUALCROSSBOW_CRYSTAL@4,7,4,1,1,0.52,
2026-04-25T14:34:29.295863+00:00,Caerleon,weapons,Elder's Arclight Blasters,T8_2H_DUALCROSSBOW_CRYSTAL,8,0,1,1,0.52,
2026-04-25T14:34:32.316233+00:00,Caerleon,weapons,Elder's Arclight Blasters,T8_2H_DUALCROSSBOW_CRYSTAL@1,8,1,1,1,0.52,
2026-04-25T14:34:35.392255+00:00,Caerleon,weapons,Elder's Arclight Blasters,T8_2H_DUALCROSSBOW_CRYSTAL@2,8,2,1,1,0.52,
2026-04-25T14:34:38.432243+00:00,Caerleon,weapons,Elder's Arclight Blasters,T8_2H_DUALCROSSBOW_CRYSTAL@3,8,3,1,1,0.52,
2026-04-25T14:34:41.516084+00:00,Caerleon,weapons,Elder's Arclight Blasters,T8_2H_DUALCROSSBOW_CRYSTAL@4,8,4,1,1,0.52,
2026-04-25T14:34:44.623856+00:00,Caerleon,weapons,Adept's Arctic Staff,T4_2H_FROSTSTAFF_CRYSTAL,4,0,350000,"350,000",0.87,
2026-04-25T14:34:47.709353+00:00,Caerleon,weapons,Adept's Arctic Staff,T4_2H_FROSTSTAFF_CRYSTAL@1,4,1,369999,"369,999",0.87,
2026-04-25T14:34:50.702515+00:00,Caerleon,weapons,Adept's Arctic Staff,T4_2H_FROSTSTAFF_CRYSTAL@2,4,2,1,1,0.52,
2026-04-25T14:34:53.801375+00:00,Caerleon,weapons,Adept's Arctic Staff,T4_2H_FROSTSTAFF_CRYSTAL@3,4,3,549999,"549,999",0.87,
2026-04-25T14:34:56.896669+00:00,Caerleon,weapons,Adept's Arctic Staff,T4_2H_FROSTSTAFF_CRYSTAL@4,4,4,1,1,0.52,
2026-04-25T14:34:59.946382+00:00,Caerleon,weapons,Expert's Arctic Staff,T5_2H_FROSTSTAFF_CRYSTAL,5,0,1,1,0.52,
2026-04-25T14:35:03.006696+00:00,Caerleon,weapons,Expert's Arctic Staff,T5_2H_FROSTSTAFF_CRYSTAL@1,5,1,888888,"888,888",0.87,
2026-04-25T14:35:06.108035+00:00,Caerleon,weapons,Expert's Arctic Staff,T5_2H_FROSTSTAFF_CRYSTAL@2,5,2,1,1,0.52,
2026-04-25T14:35:09.139115+00:00,Caerleon,weapons,Expert's Arctic Staff,T5_2H_FROSTSTAFF_CRYSTAL@3,5,3,1399999,"1,399,999",0.94,
2026-04-25T14:35:12.254465+00:00,Caerleon,weapons,Expert's Arctic Staff,T5_2H_FROSTSTAFF_CRYSTAL@4,5,4,1,1,0.52,
2026-04-25T14:35:20.267534+00:00,Caerleon,weapons,Master's Arctic Staff,T6_2H_FROSTSTAFF_CRYSTAL,6,0,1,1,0.52,
2026-04-25T14:35:23.333571+00:00,Caerleon,weapons,Master's Arctic Staff,T6_2H_FROSTSTAFF_CRYSTAL@1,6,1,2499999,"2,499,999",0.94,
2026-04-25T14:35:26.406410+00:00,Caerleon,weapons,Master's Arctic Staff,T6_2H_FROSTSTAFF_CRYSTAL@2,6,2,1,1,0.52,
2026-04-25T14:35:29.539469+00:00,Caerleon,weapons,Master's Arctic Staff,T6_2H_FROSTSTAFF_CRYSTAL@3,6,3,1,1,0.52,
2026-04-25T14:35:32.641943+00:00,Caerleon,weapons,Master's Arctic Staff,T6_2H_FROSTSTAFF_CRYSTAL@4,6,4,1,1,0.52,
2026-04-25T14:35:35.741877+00:00,Caerleon,weapons,Grandmaster's Arctic Staff,T7_2H_FROSTSTAFF_CRYSTAL,7,0,1,1,0.52,
2026-04-25T14:35:38.789896+00:00,Caerleon,weapons,Grandmaster's Arctic Staff,T7_2H_FROSTSTAFF_CRYSTAL@1,7,1,1,1,0.52,
2026-04-25T14:35:41.881396+00:00,Caerleon,weapons,Grandmaster's Arctic Staff,T7_2H_FROSTSTAFF_CRYSTAL@2,7,2,1,1,0.52,
2026-04-25T14:35:44.961625+00:00,Caerleon,weapons,Grandmaster's Arctic Staff,T7_2H_FROSTSTAFF_CRYSTAL@3,7,3,1,1,0.52,
2026-04-25T14:35:48.088625+00:00,Caerleon,weapons,Grandmaster's Arctic Staff,T7_2H_FROSTSTAFF_CRYSTAL@4,7,4,1,1,0.52,
2026-04-25T14:35:51.156529+00:00,Caerleon,weapons,Elder's Arctic Staff,T8_2H_FROSTSTAFF_CRYSTAL,8,0,1,1,0.52,
2026-04-25T14:35:54.288384+00:00,Caerleon,weapons,Elder's Arctic Staff,T8_2H_FROSTSTAFF_CRYSTAL@1,8,1,1,1,0.52,
2026-04-25T14:35:57.442694+00:00,Caerleon,weapons,Elder's Arctic Staff,T8_2H_FROSTSTAFF_CRYSTAL@2,8,2,1,1,0.52,
2026-04-25T14:36:00.449845+00:00,Caerleon,weapons,Elder's Arctic Staff,T8_2H_FROSTSTAFF_CRYSTAL@3,8,3,1,1,0.52,
2026-04-25T14:36:03.580750+00:00,Caerleon,weapons,Elder's Arctic Staff,T8_2H_FROSTSTAFF_CRYSTAL@4,8,4,1,1,0.52,
2026-04-25T14:36:06.700174+00:00,Caerleon,weapons,Adept's Astral Staff,T4_2H_ARCANESTAFF_CRYSTAL,4,0,1,1,0.52,
2026-04-25T14:36:09.730665+00:00,Caerleon,weapons,Adept's Astral Staff,T4_2H_ARCANESTAFF_CRYSTAL@1,4,1,1,1,0.52,
2026-04-25T14:36:12.793395+00:00,Caerleon,weapons,Adept's Astral Staff,T4_2H_ARCANESTAFF_CRYSTAL@2,4,2,1,1,0.52,
2026-04-25T14:36:15.908971+00:00,Caerleon,weapons,Adept's Astral Staff,T4_2H_ARCANESTAFF_CRYSTAL@3,4,3,61,61,0.59,
2026-04-25T14:36:19.018966+00:00,Caerleon,weapons,Adept's Astral Staff,T4_2H_ARCANESTAFF_CRYSTAL@4,4,4,1,1,0.52,
2026-04-25T14:36:27.085066+00:00,Caerleon,weapons,Expert's Astral Staff,T5_2H_ARCANESTAFF_CRYSTAL,5,0,1,1,0.52,
2026-04-25T14:36:30.143511+00:00,Caerleon,weapons,Expert's Astral Staff,T5_2H_ARCANESTAFF_CRYSTAL@1,5,1,1,1,0.52,
2026-04-25T14:36:33.228563+00:00,Caerleon,weapons,Expert's Astral Staff,T5_2H_ARCANESTAFF_CRYSTAL@2,5,2,1,1,0.52,
2026-04-25T14:36:36.249727+00:00,Caerleon,weapons,Expert's Astral Staff,T5_2H_ARCANESTAFF_CRYSTAL@3,5,3,1,1,0.52,
2026-04-25T14:36:39.255439+00:00,Caerleon,weapons,Expert's Astral Staff,T5_2H_ARCANESTAFF_CRYSTAL@4,5,4,1,1,0.52,
2026-04-25T14:36:42.245098+00:00,Caerleon,weapons,Master's Astral Staff,T6_2H_ARCANESTAFF_CRYSTAL,6,0,1,1,0.52,
2026-04-25T14:36:45.300925+00:00,Caerleon,weapons,Master's Astral Staff,T6_2H_ARCANESTAFF_CRYSTAL@1,6,1,1,1,0.52,
2026-04-25T14:36:48.313040+00:00,Caerleon,weapons,Master's Astral Staff,T6_2H_ARCANESTAFF_CRYSTAL@2,6,2,1,1,0.52,
2026-04-25T14:36:51.347805+00:00,Caerleon,weapons,Master's Astral Staff,T6_2H_ARCANESTAFF_CRYSTAL@3,6,3,1,1,0.52,
2026-04-25T14:36:54.433952+00:00,Caerleon,weapons,Master's Astral Staff,T6_2H_ARCANESTAFF_CRYSTAL@4,6,4,1,1,0.52,
2026-04-25T14:36:57.441504+00:00,Caerleon,weapons,Grandmaster's Astral Staff,T7_2H_ARCANESTAFF_CRYSTAL,7,0,1,1,0.52,
2026-04-25T14:37:00.520108+00:00,Caerleon,weapons,Grandmaster's Astral Staff,T7_2H_ARCANESTAFF_CRYSTAL@1,7,1,1,1,0.52,
2026-04-25T14:37:03.633551+00:00,Caerleon,weapons,Grandmaster's Astral Staff,T7_2H_ARCANESTAFF_CRYSTAL@2,7,2,1,1,0.52,
2026-04-25T14:37:06.745696+00:00,Caerleon,weapons,Grandmaster's Astral Staff,T7_2H_ARCANESTAFF_CRYSTAL@3,7,3,1,1,0.52,
2026-04-25T14:37:09.761675+00:00,Caerleon,weapons,Grandmaster's Astral Staff,T7_2H_ARCANESTAFF_CRYSTAL@4,7,4,1,1,0.52,
2026-04-25T14:37:12.841199+00:00,Caerleon,weapons,Elder's Astral Staff,T8_2H_ARCANESTAFF_CRYSTAL,8,0,1,1,0.52,
2026-04-25T14:37:15.880588+00:00,Caerleon,weapons,Elder's Astral Staff,T8_2H_ARCANESTAFF_CRYSTAL@1,8,1,1,1,0.52,
2026-04-25T14:37:18.930628+00:00,Caerleon,weapons,Elder's Astral Staff,T8_2H_ARCANESTAFF_CRYSTAL@2,8,2,1,1,0.52,
2026-04-25T14:37:21.926760+00:00,Caerleon,weapons,Elder's Astral Staff,T8_2H_ARCANESTAFF_CRYSTAL@3,8,3,1,1,0.52,
2026-04-25T14:37:24.939498+00:00,Caerleon,weapons,Elder's Astral Staff,T8_2H_ARCANESTAFF_CRYSTAL@4,8,4,1,1,0.52,
2026-04-25T14:37:32.961140+00:00,Caerleon,weapons,Adept's Battle Bracers,T4_2H_KNUCKLES_SET2,4,0,26979,"26,979",0.8,
2026-04-25T14:37:36.068635+00:00,Caerleon,weapons,Adept's Battle Bracers,T4_2H_KNUCKLES_SET2@1,4,1,27936,"27,936",0.8,
2026-04-25T14:37:39.158086+00:00,Caerleon,weapons,Adept's Battle Bracers,T4_2H_KNUCKLES_SET2@2,4,2,139987,"139,987",0.87,
2026-04-25T14:37:42.215362+00:00,Caerleon,weapons,Adept's Battle Bracers,T4_2H_KNUCKLES_SET2@3,4,3,421661,"421,661",0.87,
2026-04-25T14:37:45.274773+00:00,Caerleon,weapons,Adept's Battle Bracers,T4_2H_KNUCKLES_SET2@4,4,4,1,1,0.52,
2026-04-25T14:37:48.400990+00:00,Caerleon,weapons,Expert's Battle Bracers,T5_2H_KNUCKLES_SET2,5,0,40000,"40,000",0.8,
2026-04-25T14:37:51.448814+00:00,Caerleon,weapons,Expert's Battle Bracers,T5_2H_KNUCKLES_SET2@1,5,1,100979,"100,979",0.87,
2026-04-25T14:37:54.550558+00:00,Caerleon,weapons,Expert's Battle Bracers,T5_2H_KNUCKLES_SET2@2,5,2,339999,"339,999",0.87,
2026-04-25T14:37:57.661658+00:00,Caerleon,weapons,Expert's Battle Bracers,T5_2H_KNUCKLES_SET2@3,5,3,1,1,0.52,
2026-04-25T14:38:00.728119+00:00,Caerleon,weapons,Expert's Battle Bracers,T5_2H_KNUCKLES_SET2@4,5,4,1,1,0.52,
2026-04-25T14:38:03.759559+00:00,Caerleon,weapons,Master's Battle Bracers,T6_2H_KNUCKLES_SET2,6,0,1,1,0.52,
2026-04-25T14:38:06.797363+00:00,Caerleon,weapons,Master's Battle Bracers,T6_2H_KNUCKLES_SET2@1,6,1,299999,"299,999",0.87,
2026-04-25T14:38:09.885822+00:00,Caerleon,weapons,Master's Battle Bracers,T6_2H_KNUCKLES_SET2@2,6,2,777777,"777,777",0.87,
2026-04-25T14:38:12.944534+00:00,Caerleon,weapons,Master's Battle Bracers,T6_2H_KNUCKLES_SET2@3,6,3,1,1,0.52,
2026-04-25T14:38:15.990640+00:00,Caerleon,weapons,Master's Battle Bracers,T6_2H_KNUCKLES_SET2@4,6,4,1,1,0.52,
2026-04-25T14:38:19.035252+00:00,Caerleon,weapons,Grandmaster's Battle Bracers,T7_2H_KNUCKLES_SET2,7,0,334332,"334,332",0.87,
2026-04-25T14:38:22.087514+00:00,Caerleon,weapons,Grandmaster's Battle Bracers,T7_2H_KNUCKLES_SET2@1,7,1,1,1,0.52,
2026-04-25T14:38:25.135632+00:00,Caerleon,weapons,Grandmaster's Battle Bracers,T7_2H_KNUCKLES_SET2@2,7,2,1,1,0.52,
2026-04-25T14:38:28.230207+00:00,Caerleon,weapons,Grandmaster's Battle Bracers,T7_2H_KNUCKLES_SET2@3,7,3,1,1,0.52,
2026-04-25T14:38:31.316187+00:00,Caerleon,weapons,Grandmaster's Battle Bracers,T7_2H_KNUCKLES_SET2@4,7,4,1,1,0.52,
2026-04-25T14:38:39.435148+00:00,Caerleon,weapons,Elder's Battle Bracers,T8_2H_KNUCKLES_SET2,8,0,999999,"999,999",0.87,
2026-04-25T14:38:42.514053+00:00,Caerleon,weapons,Elder's Battle Bracers,T8_2H_KNUCKLES_SET2@1,8,1,1,1,0.52,
2026-04-25T14:38:45.616720+00:00,Caerleon,weapons,Elder's Battle Bracers,T8_2H_KNUCKLES_SET2@2,8,2,1,1,0.52,
2026-04-25T14:38:48.724436+00:00,Caerleon,weapons,Elder's Battle Bracers,T8_2H_KNUCKLES_SET2@3,8,3,1,1,0.52,
2026-04-25T14:38:51.854082+00:00,Caerleon,weapons,Elder's Battle Bracers,T8_2H_KNUCKLES_SET2@4,8,4,1,1,0.52,
2026-04-25T14:38:54.923958+00:00,Caerleon,weapons,Adept's Battleaxe,T4_MAIN_AXE,4,0,15549,"15,549",0.8,
2026-04-25T14:38:57.992442+00:00,Caerleon,weapons,Adept's Battleaxe,T4_MAIN_AXE@1,4,1,23885,"23,885",0.8,
2026-04-25T14:39:01.070207+00:00,Caerleon,weapons,Adept's Battleaxe,T4_MAIN_AXE@2,4,2,42999,"42,999",0.8,
2026-04-25T14:39:04.121882+00:00,Caerleon,weapons,Adept's Battleaxe,T4_MAIN_AXE@3,4,3,189981,"189,981",0.87,
2026-04-25T14:39:07.156662+00:00,Caerleon,weapons,Adept's Battleaxe,T4_MAIN_AXE@4,4,4,1,1,0.52,
2026-04-25T14:39:10.257716+00:00,Caerleon,weapons,Expert's Battleaxe,T5_MAIN_AXE,5,0,32218,"32,218",0.8,
2026-04-25T14:39:13.293876+00:00,Caerleon,weapons,Expert's Battleaxe,T5_MAIN_AXE@1,5,1,34986,"34,986",0.8,
2026-04-25T14:39:16.384035+00:00,Caerleon,weapons,Expert's Battleaxe,T5_MAIN_AXE@2,5,2,192992,"192,992",0.87,
2026-04-25T14:39:19.536161+00:00,Caerleon,weapons,Expert's Battleaxe,T5_MAIN_AXE@3,5,3,1,1,0.52,
2026-04-25T14:39:22.571332+00:00,Caerleon,weapons,Expert's Battleaxe,T5_MAIN_AXE@4,5,4,1,1,0.52,
2026-04-25T14:39:25.654213+00:00,Caerleon,weapons,Master's Battleaxe,T6_MAIN_AXE,6,0,60966,"60,966",0.8,
2026-04-25T14:39:28.782283+00:00,Caerleon,weapons,Master's Battleaxe,T6_MAIN_AXE@1,6,1,99993,"99,993",0.8,
2026-04-25T14:39:31.898261+00:00,Caerleon,weapons,Master's Battleaxe,T6_MAIN_AXE@2,6,2,699998,"699,998",0.87,
2026-04-25T14:39:34.963815+00:00,Caerleon,weapons,Master's Battleaxe,T6_MAIN_AXE@3,6,3,1,1,0.52,
2026-04-25T14:50:50.360049+00:00,Caerleon,weapons,Master's Battleaxe,T6_MAIN_AXE@4,6,4,1,1,0.52,
2026-04-25T14:51:03.743206+00:00,Caerleon,weapons,Grandmaster's Battleaxe,T7_MAIN_AXE,7,0,190000,"190,000",0.87,
2026-04-25T14:51:06.843930+00:00,Caerleon,weapons,Grandmaster's Battleaxe,T7_MAIN_AXE@1,7,1,499991,"499,991",0.87,
2026-04-25T14:51:09.968141+00:00,Caerleon,weapons,Grandmaster's Battleaxe,T7_MAIN_AXE@2,7,2,1,1,0.52,
2026-04-25T14:51:13.104796+00:00,Caerleon,weapons,Grandmaster's Battleaxe,T7_MAIN_AXE@3,7,3,1,1,0.52,
2026-04-25T14:51:16.154836+00:00,Caerleon,weapons,Grandmaster's Battleaxe,T7_MAIN_AXE@4,7,4,1,1,0.52,
2026-04-25T14:51:19.267517+00:00,Caerleon,weapons,Elder's Battleaxe,T8_MAIN_AXE,8,0,555550,"555,550",0.87,
2026-04-25T14:51:22.398617+00:00,Caerleon,weapons,Elder's Battleaxe,T8_MAIN_AXE@1,8,1,1,1,0.52,
2026-04-25T14:51:25.498594+00:00,Caerleon,weapons,Elder's Battleaxe,T8_MAIN_AXE@2,8,2,1,1,0.52,
2026-04-25T14:51:28.536260+00:00,Caerleon,weapons,Elder's Battleaxe,T8_MAIN_AXE@3,8,3,1,1,0.52,
2026-04-25T14:51:31.639072+00:00,Caerleon,weapons,Elder's Battleaxe,T8_MAIN_AXE@4,8,4,1,1,0.52,
2026-04-25T14:51:34.692298+00:00,Caerleon,weapons,Adept's Bear Paws,T4_2H_DUALAXE_KEEPER,4,0,137984,"137,984",0.87,
2026-04-25T14:51:37.825241+00:00,Caerleon,weapons,Adept's Bear Paws,T4_2H_DUALAXE_KEEPER@1,4,1,119212,"119,212",0.87,
2026-04-25T14:51:40.894538+00:00,Caerleon,weapons,Adept's Bear Paws,T4_2H_DUALAXE_KEEPER@2,4,2,143000,"143,000",0.87,
2026-04-25T14:51:43.957300+00:00,Caerleon,weapons,Adept's Bear Paws,T4_2H_DUALAXE_KEEPER@3,4,3,258888,"258,888",0.87,
2026-04-25T14:51:47.088146+00:00,Caerleon,weapons,Adept's Bear Paws,T4_2H_DUALAXE_KEEPER@4,4,4,1,1,0.52,
2026-04-25T14:51:50.115722+00:00,Caerleon,weapons,Expert's Bear Paws,T5_2H_DUALAXE_KEEPER,5,0,1,1,0.52,
2026-04-25T14:51:58.282875+00:00,Caerleon,weapons,Expert's Bear Paws,T5_2H_DUALAXE_KEEPER@1,5,1,259998,"259,998",0.87,
2026-04-25T14:52:01.381051+00:00,Caerleon,weapons,Expert's Bear Paws,T5_2H_DUALAXE_KEEPER@2,5,2,295000,"295,000",0.87,
2026-04-25T14:52:04.392872+00:00,Caerleon,weapons,Expert's Bear Paws,T5_2H_DUALAXE_KEEPER@3,5,3,700000,"700,000",0.87,
2026-04-25T14:52:07.489614+00:00,Caerleon,weapons,Expert's Bear Paws,T5_2H_DUALAXE_KEEPER@4,5,4,3150000,"3,150,000",0.94,
2026-04-25T14:52:10.582841+00:00,Caerleon,weapons,Master's Bear Paws,T6_2H_DUALAXE_KEEPER,6,0,1,1,0.52,
2026-04-25T14:52:13.714505+00:00,Caerleon,weapons,Master's Bear Paws,T6_2H_DUALAXE_KEEPER@1,6,1,359983,"359,983",0.87,
2026-04-25T14:52:16.778844+00:00,Caerleon,weapons,Master's Bear Paws,T6_2H_DUALAXE_KEEPER@2,6,2,700000,"700,000",0.87,
2026-04-25T14:52:19.870311+00:00,Caerleon,weapons,Master's Bear Paws,T6_2H_DUALAXE_KEEPER@3,6,3,1,1,0.52,
2026-04-25T14:52:22.899010+00:00,Caerleon,weapons,Master's Bear Paws,T6_2H_DUALAXE_KEEPER@4,6,4,1,1,0.52,
2026-04-25T14:52:25.980435+00:00,Caerleon,weapons,Grandmaster's Bear Paws,T7_2H_DUALAXE_KEEPER,7,0,1,1,0.52,
2026-04-25T14:52:29.080383+00:00,Caerleon,weapons,Grandmaster's Bear Paws,T7_2H_DUALAXE_KEEPER@1,7,1,1,1,0.52,
2026-04-25T14:52:32.164948+00:00,Caerleon,weapons,Grandmaster's Bear Paws,T7_2H_DUALAXE_KEEPER@2,7,2,1,1,0.52,
2026-04-25T14:52:35.283245+00:00,Caerleon,weapons,Grandmaster's Bear Paws,T7_2H_DUALAXE_KEEPER@3,7,3,1,1,0.52,
2026-04-25T14:52:38.286154+00:00,Caerleon,weapons,Grandmaster's Bear Paws,T7_2H_DUALAXE_KEEPER@4,7,4,1,1,0.52,
2026-04-25T14:52:41.382140+00:00,Caerleon,weapons,Elder's Bear Paws,T8_2H_DUALAXE_KEEPER,8,0,1,1,0.52,
2026-04-25T14:52:44.510057+00:00,Caerleon,weapons,Elder's Bear Paws,T8_2H_DUALAXE_KEEPER@1,8,1,1,1,0.52,
2026-04-25T14:52:47.615622+00:00,Caerleon,weapons,Elder's Bear Paws,T8_2H_DUALAXE_KEEPER@2,8,2,1,1,0.52,
2026-04-25T14:52:50.686117+00:00,Caerleon,weapons,Elder's Bear Paws,T8_2H_DUALAXE_KEEPER@3,8,3,1,1,0.52,
2026-04-25T14:52:53.700102+00:00,Caerleon,weapons,Elder's Bear Paws,T8_2H_DUALAXE_KEEPER@4,8,4,1,1,0.52,
2026-04-25T14:52:56.832857+00:00,Caerleon,weapons,Adept's Bedrock Mace,T4_MAIN_ROCKMACE_KEEPER,4,0,15899,"15,899",0.8,
2026-04-25T14:53:04.924810+00:00,Caerleon,weapons,Adept's Bedrock Mace,T4_MAIN_ROCKMACE_KEEPER@1,4,1,39999,"39,999",0.8,
2026-04-25T14:53:07.985191+00:00,Caerleon,weapons,Adept's Bedrock Mace,T4_MAIN_ROCKMACE_KEEPER@2,4,2,1,1,0.52,
2026-04-25T14:53:11.115222+00:00,Caerleon,weapons,Adept's Bedrock Mace,T4_MAIN_ROCKMACE_KEEPER@3,4,3,199997,"199,997",0.87,
2026-04-25T14:53:14.148554+00:00,Caerleon,weapons,Adept's Bedrock Mace,T4_MAIN_ROCKMACE_KEEPER@4,4,4,1,1,0.52,
2026-04-25T14:53:17.151320+00:00,Caerleon,weapons,Expert's Bedrock Mace,T5_MAIN_ROCKMACE_KEEPER,5,0,99998,"99,998",0.8,
2026-04-25T14:53:20.242636+00:00,Caerleon,weapons,Expert's Bedrock Mace,T5_MAIN_ROCKMACE_KEEPER@1,5,1,136968,"136,968",0.87,
2026-04-25T14:53:23.370901+00:00,Caerleon,weapons,Expert's Bedrock Mace,T5_MAIN_ROCKMACE_KEEPER@2,5,2,309982,"309,982",0.87,
2026-04-25T14:53:26.413224+00:00,Caerleon,weapons,Expert's Bedrock Mace,T5_MAIN_ROCKMACE_KEEPER@3,5,3,647888,"647,888",0.87,
2026-04-25T14:53:29.509790+00:00,Caerleon,weapons,Expert's Bedrock Mace,T5_MAIN_ROCKMACE_KEEPER@4,5,4,1,1,0.52,
2026-04-25T14:53:32.615807+00:00,Caerleon,weapons,Master's Bedrock Mace,T6_MAIN_ROCKMACE_KEEPER,6,0,166662,"166,662",0.87,
2026-04-25T14:53:35.678645+00:00,Caerleon,weapons,Master's Bedrock Mace,T6_MAIN_ROCKMACE_KEEPER@1,6,1,199999,"199,999",0.87,
2026-04-25T14:53:38.718790+00:00,Caerleon,weapons,Master's Bedrock Mace,T6_MAIN_ROCKMACE_KEEPER@2,6,2,539993,"539,993",0.87,
2026-04-25T14:53:41.733167+00:00,Caerleon,weapons,Master's Bedrock Mace,T6_MAIN_ROCKMACE_KEEPER@3,6,3,1,1,0.52,
2026-04-25T14:53:44.903176+00:00,Caerleon,weapons,Master's Bedrock Mace,T6_MAIN_ROCKMACE_KEEPER@4,6,4,1,1,0.52,
2026-04-25T14:53:48.042231+00:00,Caerleon,weapons,Grandmaster's Bedrock Mace,T7_MAIN_ROCKMACE_KEEPER,7,0,342069,"342,069",0.87,
2026-04-25T14:53:51.119916+00:00,Caerleon,weapons,Grandmaster's Bedrock Mace,T7_MAIN_ROCKMACE_KEEPER@1,7,1,1,1,0.52,
2026-04-25T14:53:54.236787+00:00,Caerleon,weapons,Grandmaster's Bedrock Mace,T7_MAIN_ROCKMACE_KEEPER@2,7,2,1,1,0.52,
2026-04-25T14:53:57.380339+00:00,Caerleon,weapons,Grandmaster's Bedrock Mace,T7_MAIN_ROCKMACE_KEEPER@3,7,3,1,1,0.52,
2026-04-25T14:54:00.437482+00:00,Caerleon,weapons,Grandmaster's Bedrock Mace,T7_MAIN_ROCKMACE_KEEPER@4,7,4,1,1,0.52,
2026-04-25T14:54:03.558328+00:00,Caerleon,weapons,Elder's Bedrock Mace,T8_MAIN_ROCKMACE_KEEPER,8,0,549995,"549,995",0.87,
2026-04-25T14:54:11.673189+00:00,Caerleon,weapons,Elder's Bedrock Mace,T8_MAIN_ROCKMACE_KEEPER@1,8,1,1,1,0.52,
2026-04-25T14:54:14.716071+00:00,Caerleon,weapons,Elder's Bedrock Mace,T8_MAIN_ROCKMACE_KEEPER@2,8,2,1,1,0.52,
2026-04-25T15:42:50.859265+00:00,Caerleon,bags,Adept's Bag,T4_BAG,4,0,7192,"7,192",0.73,
2026-04-25T15:42:53.989755+00:00,Caerleon,bags,Adept's Bag,T4_BAG@1,4,1,8845,"8,845",0.73,
2026-04-25T15:43:06.871175+00:00,Caerleon,bags,Adept's Bag,T4_BAG@2,4,2,38309,"38,309",0.8,
2026-04-25T15:43:09.929346+00:00,Caerleon,bags,Adept's Bag,T4_BAG@3,4,3,119993,"119,993",0.87,
2026-04-25T15:43:13.069889+00:00,Caerleon,bags,Adept's Bag,T4_BAG@4,4,4,1,1,0.52,
2026-04-25T15:43:16.083141+00:00,Caerleon,bags,Expert's Bag,T5_BAG,5,0,19980,"19,980",0.8,
2026-04-25T15:43:19.193065+00:00,Caerleon,bags,Expert's Bag,T5_BAG@1,5,1,33330,"33,330",0.8,
2026-04-25T15:43:22.215508+00:00,Caerleon,bags,Expert's Bag,T5_BAG@2,5,2,99971,"99,971",0.8,
2026-04-25T15:43:25.254877+00:00,Caerleon,bags,Expert's Bag,T5_BAG@3,5,3,312995,"312,995",0.87,
2026-04-25T15:43:28.366494+00:00,Caerleon,bags,Expert's Bag,T5_BAG@4,5,4,1,1,0.52,
2026-04-25T15:43:31.381403+00:00,Caerleon,bags,Master's Bag,T6_BAG,6,0,59989,"59,989",0.8,
2026-04-25T15:43:34.477930+00:00,Caerleon,bags,Master's Bag,T6_BAG@1,6,1,99990,"99,990",0.8,
2026-04-25T15:43:37.616447+00:00,Caerleon,bags,Master's Bag,T6_BAG@2,6,2,269955,"269,955",0.87,
2026-04-25T15:43:40.747823+00:00,Caerleon,bags,Master's Bag,T6_BAG@3,6,3,1000000,"1,000,000",0.94,
2026-04-25T15:43:43.813499+00:00,Caerleon,bags,Master's Bag,T6_BAG@4,6,4,1,1,0.52,
2026-04-25T15:43:46.904535+00:00,Caerleon,bags,Grandmaster's Bag,T7_BAG,7,0,159999,"159,999",0.87,
2026-04-25T15:43:49.969159+00:00,Caerleon,bags,Grandmaster's Bag,T7_BAG@1,7,1,270000,"270,000",0.87,
2026-04-25T15:43:58.033979+00:00,Caerleon,bags,Grandmaster's Bag,T7_BAG@2,7,2,999999,"999,999",0.87,
2026-04-25T15:44:01.109632+00:00,Caerleon,bags,Grandmaster's Bag,T7_BAG@3,7,3,1,1,0.52,
2026-04-25T15:44:04.113787+00:00,Caerleon,bags,Grandmaster's Bag,T7_BAG@4,7,4,1,1,0.52,
2026-04-25T15:44:07.184454+00:00,Caerleon,bags,Elder's Bag,T8_BAG,8,0,309998,"309,998",0.87,
2026-04-25T15:44:10.216127+00:00,Caerleon,bags,Elder's Bag,T8_BAG@1,8,1,1009966,"1,009,966",0.94,
2026-04-25T15:44:13.255079+00:00,Caerleon,bags,Elder's Bag,T8_BAG@2,8,2,1,1,0.52,
2026-04-25T15:44:16.301213+00:00,Caerleon,bags,Elder's Bag,T8_BAG@3,8,3,1,1,0.52,
2026-04-25T15:44:19.392701+00:00,Caerleon,bags,Elder's Bag,T8_BAG@4,8,4,1,1,0.52,
2026-04-25T15:44:22.475874+00:00,Caerleon,bags,Adept's Satchel of Insight,T4_BAG_INSIGHT,4,0,43992,"43,992",0.8,
2026-04-25T15:44:25.512796+00:00,Caerleon,bags,Adept's Satchel of Insight,T4_BAG_INSIGHT@1,4,1,39996,"39,996",0.8,
2026-04-25T15:44:28.676322+00:00,Caerleon,bags,Adept's Satchel of Insight,T4_BAG_INSIGHT@2,4,2,69993,"69,993",0.8,
2026-04-25T15:44:31.726962+00:00,Caerleon,bags,Adept's Satchel of Insight,T4_BAG_INSIGHT@3,4,3,125441,"125,441",0.87,
